"Start","Method","Latency","End","Response Code"
"2023-02-02 13:12:05.896","Post","15","2023-02-02 13:12:05.911","201"
"2023-02-02 13:12:05.911","Post","14","2023-02-02 13:12:05.925","201"
"2023-02-02 13:12:05.925","Post","13","2023-02-02 13:12:05.938","201"
"2023-02-02 13:12:05.938","Post","13","2023-02-02 13:12:05.951","201"
"2023-02-02 13:12:05.951","Post","13","2023-02-02 13:12:05.964","201"
"2023-02-02 13:12:05.964","Post","15","2023-02-02 13:12:05.979","201"
"2023-02-02 13:12:05.979","Post","13","2023-02-02 13:12:05.992","201"
"2023-02-02 13:12:05.992","Post","12","2023-02-02 13:12:06.004","201"
"2023-02-02 13:12:06.005","Post","12","2023-02-02 13:12:06.017","201"
"2023-02-02 13:12:06.017","Post","14","2023-02-02 13:12:06.031","201"
"2023-02-02 13:12:06.031","Post","13","2023-02-02 13:12:06.044","201"
"2023-02-02 13:12:06.044","Post","14","2023-02-02 13:12:06.058","201"
"2023-02-02 13:12:06.058","Post","13","2023-02-02 13:12:06.071","201"
"2023-02-02 13:12:06.071","Post","15","2023-02-02 13:12:06.086","201"
"2023-02-02 13:12:06.086","Post","14","2023-02-02 13:12:06.1","201"
"2023-02-02 13:12:06.1","Post","13","2023-02-02 13:12:06.113","201"
"2023-02-02 13:12:06.114","Post","12","2023-02-02 13:12:06.126","201"
"2023-02-02 13:12:06.127","Post","49","2023-02-02 13:12:06.176","201"
"2023-02-02 13:12:06.176","Post","14","2023-02-02 13:12:06.19","201"
"2023-02-02 13:12:06.19","Post","13","2023-02-02 13:12:06.203","201"
"2023-02-02 13:12:06.203","Post","12","2023-02-02 13:12:06.215","201"
"2023-02-02 13:12:06.216","Post","13","2023-02-02 13:12:06.229","201"
"2023-02-02 13:12:06.229","Post","14","2023-02-02 13:12:06.243","201"
"2023-02-02 13:12:06.243","Post","13","2023-02-02 13:12:06.256","201"
"2023-02-02 13:12:06.256","Post","13","2023-02-02 13:12:06.269","201"
"2023-02-02 13:12:06.269","Post","15","2023-02-02 13:12:06.284","201"
"2023-02-02 13:12:06.284","Post","14","2023-02-02 13:12:06.298","201"
"2023-02-02 13:12:06.298","Post","14","2023-02-02 13:12:06.312","201"
"2023-02-02 13:12:06.312","Post","13","2023-02-02 13:12:06.325","201"
"2023-02-02 13:12:06.325","Post","13","2023-02-02 13:12:06.338","201"
"2023-02-02 13:12:06.339","Post","13","2023-02-02 13:12:06.352","201"
"2023-02-02 13:12:06.352","Post","15","2023-02-02 13:12:06.367","201"
"2023-02-02 13:12:06.367","Post","18","2023-02-02 13:12:06.385","201"
"2023-02-02 13:12:06.385","Post","13","2023-02-02 13:12:06.398","201"
"2023-02-02 13:12:06.398","Post","13","2023-02-02 13:12:06.411","201"
"2023-02-02 13:12:06.411","Post","16","2023-02-02 13:12:06.427","201"
"2023-02-02 13:12:06.427","Post","13","2023-02-02 13:12:06.44","201"
"2023-02-02 13:12:06.441","Post","13","2023-02-02 13:12:06.454","201"
"2023-02-02 13:12:06.454","Post","14","2023-02-02 13:12:06.468","201"
"2023-02-02 13:12:06.468","Post","12","2023-02-02 13:12:06.48","201"
"2023-02-02 13:12:06.48","Post","12","2023-02-02 13:12:06.492","201"
"2023-02-02 13:12:06.492","Post","13","2023-02-02 13:12:06.505","201"
"2023-02-02 13:12:06.505","Post","14","2023-02-02 13:12:06.519","201"
"2023-02-02 13:12:06.519","Post","12","2023-02-02 13:12:06.531","201"
"2023-02-02 13:12:06.531","Post","12","2023-02-02 13:12:06.543","201"
"2023-02-02 13:12:06.543","Post","13","2023-02-02 13:12:06.556","201"
"2023-02-02 13:12:06.556","Post","13","2023-02-02 13:12:06.569","201"
"2023-02-02 13:12:06.569","Post","12","2023-02-02 13:12:06.581","201"
"2023-02-02 13:12:06.581","Post","12","2023-02-02 13:12:06.593","201"
"2023-02-02 13:12:06.593","Post","13","2023-02-02 13:12:06.606","201"
"2023-02-02 13:12:06.606","Post","13","2023-02-02 13:12:06.619","201"
"2023-02-02 13:12:06.619","Post","16","2023-02-02 13:12:06.635","201"
"2023-02-02 13:12:06.635","Post","20","2023-02-02 13:12:06.655","201"
"2023-02-02 13:12:06.655","Post","12","2023-02-02 13:12:06.667","201"
"2023-02-02 13:12:06.667","Post","12","2023-02-02 13:12:06.679","201"
"2023-02-02 13:12:06.679","Post","12","2023-02-02 13:12:06.691","201"
"2023-02-02 13:12:06.691","Post","12","2023-02-02 13:12:06.703","201"
"2023-02-02 13:12:06.703","Post","15","2023-02-02 13:12:06.718","201"
"2023-02-02 13:12:06.718","Post","12","2023-02-02 13:12:06.73","201"
"2023-02-02 13:12:06.73","Post","12","2023-02-02 13:12:06.742","201"
"2023-02-02 13:12:06.742","Post","14","2023-02-02 13:12:06.756","201"
"2023-02-02 13:12:06.756","Post","12","2023-02-02 13:12:06.768","201"
"2023-02-02 13:12:06.768","Post","12","2023-02-02 13:12:06.78","201"
"2023-02-02 13:12:06.78","Post","12","2023-02-02 13:12:06.792","201"
"2023-02-02 13:12:06.792","Post","24","2023-02-02 13:12:06.816","201"
"2023-02-02 13:12:06.816","Post","12","2023-02-02 13:12:06.828","201"
"2023-02-02 13:12:06.828","Post","12","2023-02-02 13:12:06.84","201"
"2023-02-02 13:12:06.84","Post","11","2023-02-02 13:12:06.851","201"
"2023-02-02 13:12:06.851","Post","12","2023-02-02 13:12:06.863","201"
"2023-02-02 13:12:06.863","Post","12","2023-02-02 13:12:06.875","201"
"2023-02-02 13:12:06.875","Post","12","2023-02-02 13:12:06.887","201"
"2023-02-02 13:12:06.887","Post","12","2023-02-02 13:12:06.899","201"
"2023-02-02 13:12:06.899","Post","13","2023-02-02 13:12:06.912","201"
"2023-02-02 13:12:06.912","Post","12","2023-02-02 13:12:06.924","201"
"2023-02-02 13:12:06.924","Post","12","2023-02-02 13:12:06.936","201"
"2023-02-02 13:12:06.936","Post","12","2023-02-02 13:12:06.948","201"
"2023-02-02 13:12:06.948","Post","17","2023-02-02 13:12:06.965","201"
"2023-02-02 13:12:06.965","Post","15","2023-02-02 13:12:06.98","201"
"2023-02-02 13:12:06.98","Post","12","2023-02-02 13:12:06.992","201"
"2023-02-02 13:12:06.992","Post","11","2023-02-02 13:12:07.003","201"
"2023-02-02 13:12:07.003","Post","12","2023-02-02 13:12:07.015","201"
"2023-02-02 13:12:07.015","Post","12","2023-02-02 13:12:07.027","201"
"2023-02-02 13:12:07.027","Post","18","2023-02-02 13:12:07.045","201"
"2023-02-02 13:12:07.045","Post","13","2023-02-02 13:12:07.058","201"
"2023-02-02 13:12:07.058","Post","12","2023-02-02 13:12:07.07","201"
"2023-02-02 13:12:07.07","Post","12","2023-02-02 13:12:07.082","201"
"2023-02-02 13:12:07.082","Post","13","2023-02-02 13:12:07.095","201"
"2023-02-02 13:12:07.095","Post","12","2023-02-02 13:12:07.107","201"
"2023-02-02 13:12:07.107","Post","13","2023-02-02 13:12:07.12","201"
"2023-02-02 13:12:07.12","Post","14","2023-02-02 13:12:07.134","201"
"2023-02-02 13:12:07.134","Post","12","2023-02-02 13:12:07.146","201"
"2023-02-02 13:12:07.146","Post","12","2023-02-02 13:12:07.158","201"
"2023-02-02 13:12:07.158","Post","11","2023-02-02 13:12:07.169","201"
"2023-02-02 13:12:07.169","Post","13","2023-02-02 13:12:07.182","201"
"2023-02-02 13:12:07.182","Post","13","2023-02-02 13:12:07.195","201"
"2023-02-02 13:12:07.195","Post","12","2023-02-02 13:12:07.207","201"
"2023-02-02 13:12:07.207","Post","12","2023-02-02 13:12:07.219","201"
"2023-02-02 13:12:07.219","Post","12","2023-02-02 13:12:07.231","201"
"2023-02-02 13:12:07.231","Post","13","2023-02-02 13:12:07.244","201"
"2023-02-02 13:12:07.244","Post","22","2023-02-02 13:12:07.266","201"
